<?xml version="1.0" encoding="UTF-8"?>
<!DOCTYPE coverity SYSTEM "config.dtd">
<coverity>

<metrics>
    <metric>
        <name>time</name>
        <value>40</value>
    </metric>
    <metric>
        <name>args</name>
        <value>cov-build --dir cov-int make</value>
    </metric>
    <metric>
        <name>host</name>
        <value>FRONTEND-DJP</value>
    </metric>
    <metric>
        <name>short-platform</name>
        <value>win64</value>
    </metric>
    <metric>
        <name>platform</name>
        <value>Windows 11 Professional, 64-bit (build 26100)</value>
    </metric>
    <metric>
        <name>ident</name>
        <value>2024.6.1 (build d59b675bea p-2024.6-push-53)</value>
    </metric>
    <metric>
        <name>user</name>
        <value>djpark</value>
    </metric>
    <metric>
        <name>cwd</name>
        <value>C:\Users\djpark\Desktop\clock</value>
    </metric>
    <metric>
        <name>config</name>
        <value>C:\Users\djpark\Desktop\cov-analysis-win64-2024.6.1\config\coverity_config.xml</value>
    </metric>
    <metric>
        <name>intermediatedir</name>
        <value>C:\Users\djpark\Desktop\clock\cov-int</value>
    </metric>
    <metric>
        <name>outputdir</name>
        <value>C:\Users\djpark\Desktop\clock\cov-int\output</value>
    </metric>
    <metric>
        <name>emitdir</name>
        <value>C:\Users\djpark\Desktop\clock\cov-int\emit</value>
    </metric>
    <metric>
        <name>force</name>
        <value>no</value>
    </metric>
    <metric>
        <name>cygwin</name>
        <value>no</value>
    </metric>
    <metric>
        <name>failures</name>
        <value>0</value>
    </metric>
    <metric>
        <name>successes</name>
        <value>2</value>
    </metric>
    <metric>
        <name>recoverable-errors</name>
        <value>0</value>
    </metric>
    <metric>
        <name>dotnet-webapps-detected</name>
        <value>0</value>
    </metric>
    <metric>
        <name>dotnet-webapp-successes</name>
        <value>0</value>
    </metric>
    <metric>
        <name>dotnet-webapp-compilation-secs</name>
        <value>0</value>
    </metric>
    <metric>
        <name>security-da-ms</name>
        <value>94</value>
    </metric>
    <metric>
        <name>buildcmd</name>
        <value>make.exe</value>
    </metric>
</metrics>
</coverity>
