<?xml version="1.0" encoding="UTF-8"?>
<!DOCTYPE coverity SYSTEM "coverity_config.dtd">
<coverity>
<!-- THIS FILE IS AUTOMATICALLY GENERATED - YOU MAY ADD XML ENTITIES -->
<!-- TO UPDATE THE COMPILER CONFIGURATION AFTER THE begin_command_line_config ENTITY. -->

    <cit_version>1</cit_version>
    <config>
      <build>
        <compiler>
          <comp_name>ar</comp_name>
          <comp_dir>c:\mingw\bin</comp_dir>
          <comp_translator>ar</comp_translator>
          <comp_lang>C++</comp_lang>
          <comp_front_end>cov-emit</comp_front_end>
          <comp_desc>UNIX-like 'ar` archiver</comp_desc>
          <comp_generic>ar</comp_generic>
          <id>ar-ar-1ff8038cf9e70491f86233bdf3e80518-0</id>
          <is_compiler>false</is_compiler>
          <is_linker>true</is_linker>
        </compiler>
        <options>
          <id>ar-ar-1ff8038cf9e70491f86233bdf3e80518-0</id>
          <template_config_option_id>ar-ar-.*</template_config_option_id>
          <link_options></link_options>
          <pre_trans>
            <options>
              <intern_trans>ar_pre_translate</intern_trans>
            </options>
          </pre_trans>
          <begin_command_line_config></begin_command_line_config>
        </options>
      </build>
    </config>
    <md5>3d854fbf7ab6537b22f250cc6aa4b0cd</md5>
</coverity>

